<?xml version="1.0" encoding="ISO-8859-1"?>
<!DOCTYPE ExpInf SYSTEM "http://www.ccg.it/ExpInf.dtd">
<ExpInf>
    <Data>
        <Date>20151126</Date>
        <Underlying_Symbol>ENEL</Underlying_Symbol>
        <Underlying_Isin_Code>IT0003128367</Underlying_Isin_Code>
        <Underlying_Price>4.16</Underlying_Price>
        <Currency>EUR</Currency>
        <Market_Id>2</Market_Id>
        <Phase>1</Phase>
    </Data>
    <Data>
        <Date>20151126</Date>
        <Underlying_Symbol>ENI</Underlying_Symbol>
        <Underlying_Isin_Code>IT0003132476</Underlying_Isin_Code>
        <Underlying_Price>15.43</Underlying_Price>
        <Currency>EUR</Currency>
        <Market_Id>2</Market_Id>
        <Phase>1</Phase>
    </Data>
    <Data>
        <Date>20151126</Date>
        <Underlying_Symbol>FCA</Underlying_Symbol>
        <Underlying_Isin_Code>NL0010877643</Underlying_Isin_Code>
        <Underlying_Price>13.48</Underlying_Price>
        <Currency>EUR</Currency>
        <Market_Id>2</Market_Id>
        <Phase>1</Phase>
    </Data>
    <Data>
        <Date>20151126</Date>
        <Underlying_Symbol>G</Underlying_Symbol>
        <Underlying_Isin_Code>IT0000062072</Underlying_Isin_Code>
        <Underlying_Price>17.87</Underlying_Price>
        <Currency>EUR</Currency>
        <Market_Id>2</Market_Id>
        <Phase>1</Phase>
    </Data>
    <Data>
        <Date>20151126</Date>
        <Underlying_Symbol>ISP</Underlying_Symbol>
        <Underlying_Isin_Code>IT0000072618</Underlying_Isin_Code>
        <Underlying_Price>3.196</Underlying_Price>
        <Currency>EUR</Currency>
        <Market_Id>2</Market_Id>
        <Phase>1</Phase>
    </Data>
    <Data>
        <Date>20151126</Date>
        <Underlying_Symbol>TIT</Underlying_Symbol>
        <Underlying_Isin_Code>IT0003497168</Underlying_Isin_Code>
        <Underlying_Price>1.198</Underlying_Price>
        <Currency>EUR</Currency>
        <Market_Id>2</Market_Id>
        <Phase>1</Phase>
    </Data>
    <Data>
        <Date>20151126</Date>
        <Underlying_Symbol>UCG</Underlying_Symbol>
        <Underlying_Isin_Code>IT0004781412</Underlying_Isin_Code>
        <Underlying_Price>5.585</Underlying_Price>
        <Currency>EUR</Currency>
        <Market_Id>2</Market_Id>
        <Phase>1</Phase>
    </Data>
</ExpInf>
