<?xml version="1.0" encoding="UTF-8"?>
<Flow Type="Classes-of-Duration-Information">
    <Data>
        <Date>20151123</Date>
        <Isin-Code>IT0004243512</Isin-Code>
        <Description>BTPSi 2.600 15/09/23</Description>
        <Indexed-Data-Ref>20151130</Indexed-Data-Ref>
        <Index-Value>1.14142</Index-Value>
    </Data>
    <Data>
        <Date>20151124</Date>
        <Isin-Code>IT0004085210</Isin-Code>
        <Description>BTPSi 2.100  15/09/17</Description>
        <Indexed-Data-Ref>20151126</Indexed-Data-Ref>
        <Index-Value>1.16161</Index-Value>
    </Data>
    <Data>
        <Date>20151124</Date>
        <Isin-Code>IT0004604671</Isin-Code>
        <Description>BTPSi 2.100  15/09/21</Description>
        <Indexed-Data-Ref>20151126</Indexed-Data-Ref>
        <Index-Value>1.08284</Index-Value>
    </Data>
    <Data>
        <Date>20151124</Date>
        <Isin-Code>IT0004243512</Isin-Code>
        <Description>BTPSi 2.600 15/09/23</Description>
        <Indexed-Data-Ref>20151126</Indexed-Data-Ref>
        <Index-Value>1.14108</Index-Value>
    </Data>
    <Data>
        <Date>20151124</Date>
        <Isin-Code>IT0003745541</Isin-Code>
        <Description>BTPSi 2.350  15/09/35</Description>
        <Indexed-Data-Ref>20151126</Indexed-Data-Ref>
        <Index-Value>1.19481</Index-Value>
    </Data>
    <Data>
        <Date>20151124</Date>
        <Isin-Code>IT0004735152</Isin-Code>
        <Description>BTPSi 3.100 15/09/26</Description>
        <Indexed-Data-Ref>20151126</Indexed-Data-Ref>
        <Index-Value>1.05994</Index-Value>
    </Data>
    <Data>
        <Date>20151124</Date>
        <Isin-Code>IT0005138828</Isin-Code>
        <Description>BTPSi 1.250 15/09/32</Description>
        <Indexed-Data-Ref>20151126</Indexed-Data-Ref>
        <Index-Value>0.99839</Index-Value>
    </Data>
    <Data>
        <Date>20151124</Date>
        <Isin-Code>IT0004806888</Isin-Code>
        <Description>BTP ITALIA 26MZ16 EUR</Description>
        <Indexed-Data-Ref>20151126</Indexed-Data-Ref>
        <Index-Value>0.9986</Index-Value>
    </Data>
    <Data>
        <Date>20151124</Date>
        <Isin-Code>IT0004969207</Isin-Code>
        <Description>BTP ITALIA NV17 EUR</Description>
        <Indexed-Data-Ref>20151126</Indexed-Data-Ref>
        <Index-Value>0.99826</Index-Value>
    </Data>
    <Data>
        <Date>20151124</Date>
        <Isin-Code>IT0005058919</Isin-Code>
        <Description>BTP ITALIA OT20 EUR</Description>
        <Indexed-Data-Ref>20151126</Indexed-Data-Ref>
        <Index-Value>0.9972</Index-Value>
    </Data>
    <Data>
        <Date>20151124</Date>
        <Isin-Code>IT0004890882</Isin-Code>
        <Description>BTPSi 1.700 15/09/18</Description>
        <Indexed-Data-Ref>20151126</Indexed-Data-Ref>
        <Index-Value>1.01042</Index-Value>
    </Data>
    <Data>
        <Date>20151124</Date>
        <Isin-Code>IT0004863608</Isin-Code>
        <Description>BTP ITALIA OT16 EUR</Description>
        <Indexed-Data-Ref>20151126</Indexed-Data-Ref>
        <Index-Value>0.9975</Index-Value>
    </Data>
    <Data>
        <Date>20151124</Date>
        <Isin-Code>IT0004917958</Isin-Code>
        <Description>BTP ITALIA AP17 EUR</Description>
        <Indexed-Data-Ref>20151126</Indexed-Data-Ref>
        <Index-Value>0.9975</Index-Value>
    </Data>
    <Data>
        <Date>20151124</Date>
        <Isin-Code>IT0005012783</Isin-Code>
        <Description>BTP ITALIA AP20 EUR</Description>
        <Indexed-Data-Ref>20151126</Indexed-Data-Ref>
        <Index-Value>0.99744</Index-Value>
    </Data>
    <Data>
        <Date>20151124</Date>
        <Isin-Code>IT0005105843</Isin-Code>
        <Description>BTP ITALIA AP23 EUR</Description>
        <Indexed-Data-Ref>20151126</Indexed-Data-Ref>
        <Index-Value>0.99762</Index-Value>
    </Data>
    <Data>
        <Date>20151124</Date>
        <Isin-Code>IT0004380546</Isin-Code>
        <Description>BTPSi 2.350  15/09/19</Description>
        <Indexed-Data-Ref>20151126</Indexed-Data-Ref>
        <Index-Value>1.1064</Index-Value>
    </Data>
    <Data>
        <Date>20151124</Date>
        <Isin-Code>IT0004821432</Isin-Code>
        <Description>BTP ITALIA 11GN16 EUR</Description>
        <Indexed-Data-Ref>20151126</Indexed-Data-Ref>
        <Index-Value>1.00031</Index-Value>
    </Data>
    <Data>
        <Date>20151124</Date>
        <Isin-Code>IT0004682107</Isin-Code>
        <Description>BTPSi 2.100  15/09/16</Description>
        <Indexed-Data-Ref>20151126</Indexed-Data-Ref>
        <Index-Value>1.06998</Index-Value>
    </Data>
    <Data>
        <Date>20151124</Date>
        <Isin-Code>IT0005004426</Isin-Code>
        <Description>BTPSi 2.350 15/09/24</Description>
        <Indexed-Data-Ref>20151126</Indexed-Data-Ref>
        <Index-Value>1.00443</Index-Value>
    </Data>
    <Data>
        <Date>20151124</Date>
        <Isin-Code>IT0004545890</Isin-Code>
        <Description>BTPSi 2.550  15/09/41</Description>
        <Indexed-Data-Ref>20151126</Indexed-Data-Ref>
        <Index-Value>1.08591</Index-Value>
    </Data>
    <Data>
        <Date>20151124</Date>
        <Isin-Code>IT0004243512</Isin-Code>
        <Description>BTPSi 2.600 15/09/23</Description>
        <Indexed-Data-Ref>20151127</Indexed-Data-Ref>
        <Index-Value>1.14116</Index-Value>
    </Data>
    <Data>
        <Date>20151124</Date>
        <Isin-Code>IT0004735152</Isin-Code>
        <Description>BTPSi 3.100 15/09/26</Description>
        <Indexed-Data-Ref>20151127</Indexed-Data-Ref>
        <Index-Value>1.06002</Index-Value>
    </Data>
    <Data>
        <Date>20151124</Date>
        <Isin-Code>IT0004085210</Isin-Code>
        <Description>BTPSi 2.100  15/09/17</Description>
        <Indexed-Data-Ref>20151127</Indexed-Data-Ref>
        <Index-Value>1.16169</Index-Value>
    </Data>
    <Data>
        <Date>20151124</Date>
        <Isin-Code>IT0004735152</Isin-Code>
        <Description>BTPSi 3.100 15/09/26</Description>
        <Indexed-Data-Ref>20151215</Indexed-Data-Ref>
        <Index-Value>1.06103</Index-Value>
    </Data>
    <Data>
        <Date>20151125</Date>
        <Isin-Code>IT0004604671</Isin-Code>
        <Description>BTPSi 2.100  15/09/21</Description>
        <Indexed-Data-Ref>20151127</Indexed-Data-Ref>
        <Index-Value>1.08292</Index-Value>
    </Data>
    <Data>
        <Date>20151125</Date>
        <Isin-Code>IT0004890882</Isin-Code>
        <Description>BTPSi 1.700 15/09/18</Description>
        <Indexed-Data-Ref>20151127</Indexed-Data-Ref>
        <Index-Value>1.0105</Index-Value>
    </Data>
    <Data>
        <Date>20151125</Date>
        <Isin-Code>IT0004545890</Isin-Code>
        <Description>BTPSi 2.550  15/09/41</Description>
        <Indexed-Data-Ref>20151127</Indexed-Data-Ref>
        <Index-Value>1.08599</Index-Value>
    </Data>
    <Data>
        <Date>20151125</Date>
        <Isin-Code>IT0005138828</Isin-Code>
        <Description>BTPSi 1.250 15/09/32</Description>
        <Indexed-Data-Ref>20151127</Indexed-Data-Ref>
        <Index-Value>0.99846</Index-Value>
    </Data>
    <Data>
        <Date>20151125</Date>
        <Isin-Code>IT0005012783</Isin-Code>
        <Description>BTP ITALIA AP20 EUR</Description>
        <Indexed-Data-Ref>20151127</Indexed-Data-Ref>
        <Index-Value>0.99731</Index-Value>
    </Data>
    <Data>
        <Date>20151125</Date>
        <Isin-Code>IT0005058919</Isin-Code>
        <Description>BTP ITALIA OT20 EUR</Description>
        <Indexed-Data-Ref>20151127</Indexed-Data-Ref>
        <Index-Value>0.99707</Index-Value>
    </Data>
    <Data>
        <Date>20151125</Date>
        <Isin-Code>IT0004682107</Isin-Code>
        <Description>BTPSi 2.100  15/09/16</Description>
        <Indexed-Data-Ref>20151127</Indexed-Data-Ref>
        <Index-Value>1.07006</Index-Value>
    </Data>
    <Data>
        <Date>20151125</Date>
        <Isin-Code>IT0005105843</Isin-Code>
        <Description>BTP ITALIA AP23 EUR</Description>
        <Indexed-Data-Ref>20151127</Indexed-Data-Ref>
        <Index-Value>0.99749</Index-Value>
    </Data>
    <Data>
        <Date>20151125</Date>
        <Isin-Code>IT0004863608</Isin-Code>
        <Description>BTP ITALIA OT16 EUR</Description>
        <Indexed-Data-Ref>20151127</Indexed-Data-Ref>
        <Index-Value>0.99737</Index-Value>
    </Data>
    <Data>
        <Date>20151125</Date>
        <Isin-Code>IT0004917958</Isin-Code>
        <Description>BTP ITALIA AP17 EUR</Description>
        <Indexed-Data-Ref>20151127</Indexed-Data-Ref>
        <Index-Value>0.99737</Index-Value>
    </Data>
    <Data>
        <Date>20151125</Date>
        <Isin-Code>IT0004806888</Isin-Code>
        <Description>BTP ITALIA 26MZ16 EUR</Description>
        <Indexed-Data-Ref>20151127</Indexed-Data-Ref>
        <Index-Value>0.99848</Index-Value>
    </Data>
    <Data>
        <Date>20151125</Date>
        <Isin-Code>IT0004969207</Isin-Code>
        <Description>BTP ITALIA NV17 EUR</Description>
        <Indexed-Data-Ref>20151127</Indexed-Data-Ref>
        <Index-Value>0.99814</Index-Value>
    </Data>
    <Data>
        <Date>20151125</Date>
        <Isin-Code>IT0004821432</Isin-Code>
        <Description>BTP ITALIA 11GN16 EUR</Description>
        <Indexed-Data-Ref>20151127</Indexed-Data-Ref>
        <Index-Value>1.00019</Index-Value>
    </Data>
    <Data>
        <Date>20151125</Date>
        <Isin-Code>IT0005004426</Isin-Code>
        <Description>BTPSi 2.350 15/09/24</Description>
        <Indexed-Data-Ref>20151127</Indexed-Data-Ref>
        <Index-Value>1.0045</Index-Value>
    </Data>
    <Data>
        <Date>20151125</Date>
        <Isin-Code>IT0004380546</Isin-Code>
        <Description>BTPSi 2.350  15/09/19</Description>
        <Indexed-Data-Ref>20151127</Indexed-Data-Ref>
        <Index-Value>1.10649</Index-Value>
    </Data>
    <Data>
        <Date>20151125</Date>
        <Isin-Code>IT0003745541</Isin-Code>
        <Description>BTPSi 2.350  15/09/35</Description>
        <Indexed-Data-Ref>20151127</Indexed-Data-Ref>
        <Index-Value>1.1949</Index-Value>
    </Data>
    <Data>
        <Date>20151126</Date>
        <Isin-Code>IT0004604671</Isin-Code>
        <Description>BTPSi 2.100  15/09/21</Description>
        <Indexed-Data-Ref>20151130</Indexed-Data-Ref>
        <Index-Value>1.08316</Index-Value>
    </Data>
    <Data>
        <Date>20151126</Date>
        <Isin-Code>IT0003745541</Isin-Code>
        <Description>BTPSi 2.350  15/09/35</Description>
        <Indexed-Data-Ref>20151130</Indexed-Data-Ref>
        <Index-Value>1.19516</Index-Value>
    </Data>
    <Data>
        <Date>20151126</Date>
        <Isin-Code>IT0004682107</Isin-Code>
        <Description>BTPSi 2.100  15/09/16</Description>
        <Indexed-Data-Ref>20151130</Indexed-Data-Ref>
        <Index-Value>1.07029</Index-Value>
    </Data>
    <Data>
        <Date>20151126</Date>
        <Isin-Code>IT0004806888</Isin-Code>
        <Description>BTP ITALIA 26MZ16 EUR</Description>
        <Indexed-Data-Ref>20151130</Indexed-Data-Ref>
        <Index-Value>0.9981</Index-Value>
    </Data>
    <Data>
        <Date>20151126</Date>
        <Isin-Code>IT0004863608</Isin-Code>
        <Description>BTP ITALIA OT16 EUR</Description>
        <Indexed-Data-Ref>20151130</Indexed-Data-Ref>
        <Index-Value>0.997</Index-Value>
    </Data>
    <Data>
        <Date>20151126</Date>
        <Isin-Code>IT0004917958</Isin-Code>
        <Description>BTP ITALIA AP17 EUR</Description>
        <Indexed-Data-Ref>20151130</Indexed-Data-Ref>
        <Index-Value>0.997</Index-Value>
    </Data>
    <Data>
        <Date>20151126</Date>
        <Isin-Code>IT0005058919</Isin-Code>
        <Description>BTP ITALIA OT20 EUR</Description>
        <Indexed-Data-Ref>20151130</Indexed-Data-Ref>
        <Index-Value>0.9967</Index-Value>
    </Data>
    <Data>
        <Date>20151126</Date>
        <Isin-Code>IT0005012783</Isin-Code>
        <Description>BTP ITALIA AP20 EUR</Description>
        <Indexed-Data-Ref>20151130</Indexed-Data-Ref>
        <Index-Value>0.99694</Index-Value>
    </Data>
    <Data>
        <Date>20151126</Date>
        <Isin-Code>IT0005105843</Isin-Code>
        <Description>BTP ITALIA AP23 EUR</Description>
        <Indexed-Data-Ref>20151130</Indexed-Data-Ref>
        <Index-Value>0.99712</Index-Value>
    </Data>
    <Data>
        <Date>20151126</Date>
        <Isin-Code>IT0004821432</Isin-Code>
        <Description>BTP ITALIA 11GN16 EUR</Description>
        <Indexed-Data-Ref>20151130</Indexed-Data-Ref>
        <Index-Value>0.99981</Index-Value>
    </Data>
    <Data>
        <Date>20151126</Date>
        <Isin-Code>IT0004969207</Isin-Code>
        <Description>BTP ITALIA NV17 EUR</Description>
        <Indexed-Data-Ref>20151130</Indexed-Data-Ref>
        <Index-Value>0.99776</Index-Value>
    </Data>
    <Data>
        <Date>20151126</Date>
        <Isin-Code>IT0004085210</Isin-Code>
        <Description>BTPSi 2.100  15/09/17</Description>
        <Indexed-Data-Ref>20151130</Indexed-Data-Ref>
        <Index-Value>1.16195</Index-Value>
    </Data>
    <Data>
        <Date>20151126</Date>
        <Isin-Code>IT0005004426</Isin-Code>
        <Description>BTPSi 2.350 15/09/24</Description>
        <Indexed-Data-Ref>20151130</Indexed-Data-Ref>
        <Index-Value>1.00472</Index-Value>
    </Data>
    <Data>
        <Date>20151126</Date>
        <Isin-Code>IT0005138828</Isin-Code>
        <Description>BTPSi 1.250 15/09/32</Description>
        <Indexed-Data-Ref>20151130</Indexed-Data-Ref>
        <Index-Value>0.99868</Index-Value>
    </Data>
    <Data>
        <Date>20151126</Date>
        <Isin-Code>IT0004545890</Isin-Code>
        <Description>BTPSi 2.550  15/09/41</Description>
        <Indexed-Data-Ref>20151130</Indexed-Data-Ref>
        <Index-Value>1.08623</Index-Value>
    </Data>
    <Data>
        <Date>20151126</Date>
        <Isin-Code>IT0004735152</Isin-Code>
        <Description>BTPSi 3.100 15/09/26</Description>
        <Indexed-Data-Ref>20151130</Indexed-Data-Ref>
        <Index-Value>1.06025</Index-Value>
    </Data>
    <Data>
        <Date>20151126</Date>
        <Isin-Code>IT0004890882</Isin-Code>
        <Description>BTPSi 1.700 15/09/18</Description>
        <Indexed-Data-Ref>20151130</Indexed-Data-Ref>
        <Index-Value>1.01072</Index-Value>
    </Data>
    <Data>
        <Date>20151126</Date>
        <Isin-Code>IT0004380546</Isin-Code>
        <Description>BTPSi 2.350  15/09/19</Description>
        <Indexed-Data-Ref>20151130</Indexed-Data-Ref>
        <Index-Value>1.10673</Index-Value>
    </Data>
</Flow>
